url,internal_inbound_links,title
https://www.oligopolypeptides.com/bpc-157-kpv-recovery-immune-research/,0,BPC-157 + KPV — VEGF/Repair vs Melanocortin Recovery & Immune Research | OligoPoly Laboratories
https://www.oligopolypeptides.com/category/cognitive-peptide-guides/,0,Cognitive Peptide Guides - OligoPoly Laboratories
https://www.oligopolypeptides.com/category/documentation/,0,Documentation - OligoPoly Laboratories
https://www.oligopolypeptides.com/category/laboratory-protocols/,0,Laboratory Protocols - OligoPoly Laboratories
https://www.oligopolypeptides.com/category/longevity-research/,0,Longevity Research - OligoPoly Laboratories
https://www.oligopolypeptides.com/category/metabolic-research/,0,Metabolic Research - OligoPoly Laboratories
https://www.oligopolypeptides.com/category/quality-standards/,0,Quality Standards - OligoPoly Laboratories
https://www.oligopolypeptides.com/category/research-blends/,0,Research Blends - OligoPoly Laboratories
https://www.oligopolypeptides.com/category/research-comparisons/,0,Research Comparisons - OligoPoly Laboratories
https://www.oligopolypeptides.com/category/research-guides/,0,Research Guides - OligoPoly Laboratories
https://www.oligopolypeptides.com/cjc-1295-vs-tesamorelin/,0,CJC-1295 No DAC vs Tesamorelin | GHRH Analog Research | OligoPoly Laboratories
https://www.oligopolypeptides.com/compare-draft/,0,Peptide Comparison Center | Research Peptides & Laboratory Compounds | OligoPoly Laboratories
https://www.oligopolypeptides.com/email-confirmed/,0,Email Subscription Confirmed | Research Peptides & Laboratory Compounds | OligoPoly Laboratories
https://www.oligopolypeptides.com/houston-research-peptides/,0,Houston Research Peptides | COA Verified | OligoPoly Laboratories
https://www.oligopolypeptides.com/institutional-research-exchange/,0,Institutional Research Exchange | Research Peptides & Laboratory Compounds | OligoPoly Laboratories
https://www.oligopolypeptides.com/legal/,0,Legal | Research Peptides & Laboratory Compounds | OligoPoly Laboratories
https://www.oligopolypeptides.com/orii/,0,OligoPoly Research Integrity Initiative | Research Peptides & Laboratory Compounds | OligoPoly Laboratories
https://www.oligopolypeptides.com/press/,0,Press | Research Peptides & Laboratory Compounds | OligoPoly Laboratories
https://www.oligopolypeptides.com/product-category/neuropeptide-signaling/,0,Neuropeptide Signaling | OligoPoly Laboratories
https://www.oligopolypeptides.com/product-category/research-support/,0,Research Support | Research Peptides | OligoPoly Laboratories
https://www.oligopolypeptides.com/products/bpc-157-kpv-blend/,0,BPC-157 + KPV Research Peptide Blend | OligoPoly
https://www.oligopolypeptides.com/recovery-research-peptides/,0,Recovery Research Peptides | OligoPoly
https://www.oligopolypeptides.com/research-peptides-houston/,0,Buy Research Peptides Houston TX | OligoPoly Laboratories
https://www.oligopolypeptides.com/retatrutide-source/,0,Retatrutide Research Peptide Source | OligoPoly
https://www.oligopolypeptides.com/ss-31-vs-mots-c/,0,SS-31 vs MOTS-c Research | OligoPoly
https://www.oligopolypeptides.com/tb-500-vs-thymosin-beta-4/,0,TB-500 vs Thymosin Beta-4 Research | OligoPoly
https://www.oligopolypeptides.com/texas-research-peptides/,0,Texas Research Peptides | COA Verified | OligoPoly Laboratories
https://www.oligopolypeptides.com/transparency/,0,OligoPoly Laboratories Transparency Standards
https://www.oligopolypeptides.com/amino-acid-chart/,1,Amino Acid Chart for Peptide Research | OligoPoly
https://www.oligopolypeptides.com/blog/peptide-synthesis-explained/,1,Peptide Synthesis Explained | OligoPoly Laboratories
https://www.oligopolypeptides.com/bpc-157-kpv-blend-recovery-immune-research/,1,BPC-157 and KPV Research Blend: Recovery and Immune Pathway Study Design | OligoPoly
https://www.oligopolypeptides.com/bpc-157-research-mechanisms-applications/,1,BPC-157 Research Guide | OligoPoly
https://www.oligopolypeptides.com/bpc-157-tb-500-blend-research/,1,BPC-157 and TB-500 Research Blend: Dual-Pathway Recovery Study Design | OligoPoly
https://www.oligopolypeptides.com/buy-research-peptides-usa/,1,Buy Research Peptides USA | Verified Supplier | OligoPoly Laboratories Houston TX
https://www.oligopolypeptides.com/cagrilintide-research-guide-amylin-analog/,1,Cagrilintide Research Guide | OligoPoly
https://www.oligopolypeptides.com/cagrilintide-vs-semaglutide/,1,Cagrilintide vs Semaglutide | Amylin vs GLP-1 Research | OligoPoly Laboratories
https://www.oligopolypeptides.com/custom-synthesis/,1,Custom Synthesis | Research Peptides & Laboratory Compounds | OligoPoly Laboratories
https://www.oligopolypeptides.com/epitalon-pinealon-blend-longevity-research/,1,Epitalon and Pinealon Research Blend: Cellular Longevity Peptide Study Design | OligoPoly
https://www.oligopolypeptides.com/founder/,1,Founder Story | OligoPoly Laboratories | Research Peptides & Laboratory Compounds | OligoPoly Laboratories
https://www.oligopolypeptides.com/glp-1-receptor-peptides-explained/,1,GLP-1 Receptor Peptides: Mechanisms and Applications | OligoPoly
https://www.oligopolypeptides.com/how-to-choose-research-peptides-buying-guide/,1,How to Evaluate a Research Peptide Supplier | OligoPoly
https://www.oligopolypeptides.com/how-to-choose-research-peptides-for-laboratory-studies/,1,Choosing Research Peptides for Lab Studies | OligoPoly
https://www.oligopolypeptides.com/how-to-measure-peptide-purity-hplc-mass-spec/,1,How to Measure Peptide Purity | OligoPoly
https://www.oligopolypeptides.com/how-to-read-a-coa/,1,How to Read a COA | Research Peptides & Laboratory Compounds | OligoPoly Laboratories
https://www.oligopolypeptides.com/how-to-read-peptide-coa-report-hplc-mass-spec/,1,How to Read a Peptide COA Report | OligoPoly
https://www.oligopolypeptides.com/longevity-research-blends/,1,Longevity Research Blends | MOTS-c/SS-31 & Epitalon/Pinealon | OligoPoly Laboratories
https://www.oligopolypeptides.com/mots-c-ss-31-blend-mitochondrial-research/,1,MOTS-c and SS-31 Research Blend: Mitochondrial Pathway Investigation Design | OligoPoly
https://www.oligopolypeptides.com/multi-compound-peptide-research-study-design/,1,How to Design a Multi-Compound Peptide Research Study Using Blend Formulations | OligoPoly
https://www.oligopolypeptides.com/product-category/ghrh-ghs-r-ligands/,1,GHRH & GHS-R Ligands | OligoPoly Laboratories
https://www.oligopolypeptides.com/product-category/innate-immune-signaling/,1,Innate Immune Signaling | OligoPoly Laboratories
https://www.oligopolypeptides.com/quality-testing-hub/batch-specific-vs-generic-peptide-coas/,1,Batch-Specific vs. Generic Peptide COAs | Research Peptides & Laboratory Compounds | OligoPoly Laboratories
https://www.oligopolypeptides.com/quality-testing-hub/how-to-read-peptide-coa/,1,How to Read a Peptide Certificate of Analysis | Research Peptides & Laboratory Compounds | OligoPoly Laboratories
https://www.oligopolypeptides.com/quality-testing-hub/hplc-purity-vs-peptide-content/,1,HPLC Purity Is Not the Same as Peptide Content | Research Peptides & Laboratory Compounds | OligoPoly Laboratories
https://www.oligopolypeptides.com/quality-testing-hub/hplc-vs-lc-ms/,1,HPLC vs. LC-MS in Peptide Testing | Research Peptides & Laboratory Compounds | OligoPoly Laboratories
https://www.oligopolypeptides.com/quality-testing-hub/peptide-lot-traceability/,1,Peptide Lot Traceability and Laboratory Inventory Records | Research Peptides & Laboratory Compounds | OligoPoly Laboratories
https://www.oligopolypeptides.com/quality-testing-hub/research-grade-vs-gmp-grade-peptides/,1,Research-Grade vs. GMP-Grade Peptides | Research Peptides & Laboratory Compounds | OligoPoly Laboratories
https://www.oligopolypeptides.com/quality-testing-hub/research-peptide-supplier-verification-checklist/,1,Research Peptide Supplier Verification Checklist | Research Peptides & Laboratory Compounds | OligoPoly Laboratories
https://www.oligopolypeptides.com/quality-testing-hub/sterility-endotoxin-bioburden-purity/,1,"Sterility, Endotoxin, Bioburden and Purity Explained | Research Peptides & Laboratory Compounds | OligoPoly Laboratories"
https://www.oligopolypeptides.com/quality-testing-hub/testing-methods/,1,Testing Methods for Single-Compound Research Materials | Research Peptides & Laboratory Compounds | OligoPoly Laboratories
https://www.oligopolypeptides.com/quality-testing-hub/transitioning-after-peptide-sciences-closure/,1,Transitioning After the Peptide Sciences Closure: A Research Supplier Verification Checklist | Research Peptides & Laboratory Compounds | OligoPoly Laboratories
https://www.oligopolypeptides.com/quality-testing-hub/verify-third-party-laboratory-report/,1,How to Verify a Third-Party Laboratory Report | Research Peptides & Laboratory Compounds | OligoPoly Laboratories
https://www.oligopolypeptides.com/quality-testing-hub/what-research-use-only-means/,1,What Research Use Only Means in Laboratory Procurement | Research Peptides & Laboratory Compounds | OligoPoly Laboratories
https://www.oligopolypeptides.com/retatrutide-research-guide-triple-agonist/,1,Retatrutide Research Guide | OligoPoly
https://www.oligopolypeptides.com/retatrutide-vs-cagrilintide/,1,Retatrutide vs Cagrilintide Research | OligoPoly
https://www.oligopolypeptides.com/semaglutide-vs-tirzepatide-research-comparison/,1,Semaglutide vs Tirzepatide Research | OligoPoly
https://www.oligopolypeptides.com/tb-500-peptide-research-mechanisms-applications/,1,TB-500 Peptide Research Guide | OligoPoly
https://www.oligopolypeptides.com/ultimate-research-peptides-guide/,1,Ultimate Research Peptides Guide | OligoPoly
https://www.oligopolypeptides.com/understanding-glp-1-metabolic-pathways-peptide-research/,1,GLP-1 and Metabolic Pathways in Peptide Research | OligoPoly
https://www.oligopolypeptides.com/what-are-oligopeptides-definition-structure-uses/,1,What Are Oligopeptides? | OligoPoly
https://www.oligopolypeptides.com/what-are-research-peptides-supplier-quality-guide/,1,What Are Research Peptides? | OligoPoly
https://www.oligopolypeptides.com/what-is-retatrutide-triple-agonist/,1,Retatrutide Triple Agonist Research Overview | OligoPoly Laboratories
https://www.oligopolypeptides.com/bpc-157-kpv-research-comparison/,2,BPC-157 + KPV Research Comparison | OligoPoly Laboratories
https://www.oligopolypeptides.com/coa-corrections/,2,COA Corrections | Research Peptides & Laboratory Compounds | OligoPoly Laboratories
https://www.oligopolypeptides.com/custom-research-peptide-blends-guide/,2,Custom Research Peptide Blends: Tailored vs. Standard Formulations | OligoPoly Laboratories
https://www.oligopolypeptides.com/epitalon-pinealon-research-comparison/,2,Epitalon + Pinealon Research Comparison | OligoPoly Laboratories
https://www.oligopolypeptides.com/glp-1-research-peptides/,2,GLP-1 Research Peptides | OligoPoly
https://www.oligopolypeptides.com/how-peptides-are-used-in-laboratory-research/,2,How Peptides Are Used in Laboratory Research | OligoPoly
https://www.oligopolypeptides.com/metabolic-research-blends/,2,Metabolic Research Blends | GLP-Pathway Peptide Formulations | OligoPoly Laboratories
https://www.oligopolypeptides.com/recovery-research-blends/,2,"Recovery Research Blends | BPC-157, TB-500 & KPV Formulations | OligoPoly Laboratories"
https://www.oligopolypeptides.com/research-partner-compliance-rules/,2,Partner Compliance Rules | Research Peptides & Laboratory Compounds | OligoPoly Laboratories
https://www.oligopolypeptides.com/research-partner-program-terms/,2,Research Partner Program Terms | Research Peptides & Laboratory Compounds | OligoPoly Laboratories
https://www.oligopolypeptides.com/where-to-buy-research-peptides/,2,Where to Buy Research Peptides USA | Verified Supplier | OligoPoly Laboratories
https://www.oligopolypeptides.com/epitalon-vs-mots-c/,3,Epitalon vs MOTS-c Research | OligoPoly
https://www.oligopolypeptides.com/glp-1-research-guide/,3,GLP-1 Pathway Research Guide | OligoPoly
https://www.oligopolypeptides.com/mitochondrial-research-peptides-mots-c-ss-31/,3,"Mitochondrial Research Peptides: MOTS-c, SS-31, and the Cellular Longevity Literature | Research Peptides Guide | OligoPoly Laboratories"
https://www.oligopolypeptides.com/multi-pathway-peptide-research/,3,Multi-Pathway Peptide Research | OligoPoly
https://www.oligopolypeptides.com/product-category/research-bundles/,3,Research Bundles | Research Peptides | OligoPoly Laboratories
https://www.oligopolypeptides.com/products/selank-5-mg-6-vial-research-kit/,3,Selank 5 mg - 6 Vial Research Kit | Research Peptide | OligoPoly Laboratories
https://www.oligopolypeptides.com/quality-standards-comparing-research-peptide-vendors/,3,Why Quality Standards Matter When Comparing Research Peptide Vendors | Research Peptides Guide | OligoPoly Laboratories
https://www.oligopolypeptides.com/research-blends-vs-single-compounds-study-design/,3,Multi-Compound Research Formulations vs Single Single-Compound Research Materials: How Researchers Compare Study Design Options | Research Peptides Guide | OligoPoly Laboratories
https://www.oligopolypeptides.com/research-partner-program/,3,Research Partner Program | OligoPoly Laboratories
https://www.oligopolypeptides.com/research-peptide-research-panels-how-to-choose/,3,Research Peptide Research Panels: How to Choose the Right Bundle for Your Laboratory | Research Peptides Guide | OligoPoly Laboratories
https://www.oligopolypeptides.com/research-peptide-storage-handling-documentation/,3,Research Peptide Storage and Handling: Why Documentation Matters | Research Peptides Guide | OligoPoly Laboratories
https://www.oligopolypeptides.com/semax-vs-selank/,3,Semax vs Selank Research | OligoPoly
https://www.oligopolypeptides.com/what-are-research-peptides/,3,What Are Research Peptides? Complete Guide | OligoPoly Laboratories
https://www.oligopolypeptides.com/ghk-cu-vs-bpc-157/,4,GHK-Cu vs BPC-157 Research | OligoPoly
https://www.oligopolypeptides.com/kpv-vs-thymosin-beta-4-research-comparison/,4,KPV vs Thymosin Beta-4 Research Comparison | OligoPoly Laboratories
https://www.oligopolypeptides.com/mitochondrial-research-peptides-guide/,4,Mitochondrial Research Peptides Guide | OligoPoly Laboratories
https://www.oligopolypeptides.com/mots-c-ss-31-research-comparison/,4,MOTS-c + SS-31 Research Comparison | OligoPoly Laboratories
https://www.oligopolypeptides.com/product-category/multi-compound-research-formulations/recovery-research-blends/,4,Recovery Research Blends | Research Peptides | OligoPoly Laboratories
https://www.oligopolypeptides.com/selank-vs-dihexa-research-comparison/,4,Selank vs Dihexa Research Comparison | OligoPoly Laboratories
https://www.oligopolypeptides.com/semaglutide-cagrilintide-research-comparison/,4,Semaglutide + Cagrilintide Research Comparison | OligoPoly Laboratories
https://www.oligopolypeptides.com/semax-vs-dihexa-research-comparison/,4,Semax vs Dihexa Research Comparison | OligoPoly Laboratories
https://www.oligopolypeptides.com/thymosin-alpha-1-vs-kpv-research-comparison/,4,Thymosin Alpha-1 vs KPV Research Comparison | OligoPoly Laboratories
https://www.oligopolypeptides.com/what-makes-a-research-peptide-supplier-trustworthy/,4,What Makes a Research Peptide Supplier Trustworthy? | Research Peptides Guide | OligoPoly Laboratories
https://www.oligopolypeptides.com/bpc-157-vs-tb-500-research-comparison/,5,BPC-157 vs TB-500 Research Comparison | OligoPoly Laboratories
https://www.oligopolypeptides.com/coa-verification-batch-documentation-research-peptide-sourcing/,5,COA Verification and Batch Documentation in Research Peptide Sourcing | Research Peptides Guide | OligoPoly Laboratories
https://www.oligopolypeptides.com/cognitive-research-peptides-semax-selank-dihexa/,5,"Cognitive Research Peptides Guide | Semax, Selank, Dihexa"
https://www.oligopolypeptides.com/documentation-downloads/,5,Documentation Downloads | Research Peptides & Laboratory Compounds | OligoPoly Laboratories
https://www.oligopolypeptides.com/ipamorelin-vs-tesamorelin-research-comparison/,5,Ipamorelin vs Tesamorelin Research Comparison | OligoPoly Laboratories
https://www.oligopolypeptides.com/product-category/mitochondrial-redox-signaling/,5,Mitochondrial & Redox Signaling | OligoPoly Laboratories
https://www.oligopolypeptides.com/products/metabolic-pathways-research-collection/,5,Metabolic Pathways Research Collection | Research Peptide | OligoPoly Laboratories
https://www.oligopolypeptides.com/products/mitochondrial-signaling-collection/,5,Mitochondrial Signaling Collection | OligoPoly Laboratories
https://www.oligopolypeptides.com/products/retatrutide-20-mg-6-vial-research-kit/,5,OL-3RT 20 mg - 6 Vial Research Kit | Research Peptide | OligoPoly Laboratories
https://www.oligopolypeptides.com/products/retatrutide-5-mg-6-vial-research-kit/,5,OL-3RT 5 mg - 6 Vial Research Kit | Research Peptide | OligoPoly Laboratories
https://www.oligopolypeptides.com/glp-1-research-peptides-laboratory-guide/,6,GLP-1 Research Peptides in 2026: A Complete Laboratory Guide | Research Peptides Guide | OligoPoly Laboratories
https://www.oligopolypeptides.com/products/build-your-research-bundle-3-vials/,6,Build Your Research Bundle - 3 Vials | Research Peptide | OligoPoly Laboratories
https://www.oligopolypeptides.com/products/build-your-research-bundle-9-vials/,6,Build Your Research Bundle - 9 Vials | Research Peptide | OligoPoly Laboratories
https://www.oligopolypeptides.com/products/comparative-pathway-collection/,6,Comparative Pathway Collection | OligoPoly Laboratories
https://www.oligopolypeptides.com/retatrutide-cagrilintide-research-comparison/,6,Retatrutide + Cagrilintide Research Comparison | OligoPoly Laboratories
https://www.oligopolypeptides.com/hplc-testing-explained/,7,HPLC Testing Explained | Research Peptides & Laboratory Compounds | OligoPoly Laboratories
https://www.oligopolypeptides.com/peptide-half-life-research/,7,Peptide Half-Life Research | Pharmacokinetics Guide | OligoPoly Laboratories
https://www.oligopolypeptides.com/peptide-purity-guide/,7,Peptide Purity Guide | OligoPoly
https://www.oligopolypeptides.com/product-category/multi-compound-research-formulations/,7,Multi-Compound Research Formulations | OligoPoly Laboratories
https://www.oligopolypeptides.com/product-category/senescence-telomere-signaling/,7,Senescence & Telomere Signaling | OligoPoly Laboratories
https://www.oligopolypeptides.com/products/cns-receptor-reference-collection/,7,CNS Receptor Reference Collection | OligoPoly Laboratories
https://www.oligopolypeptides.com/products/nad-500-mg-6-vial-research-kit/,7,NAD+ 500 mg - 6 Vial Research Kit | Research Peptide | OligoPoly Laboratories
https://www.oligopolypeptides.com/products/semaglutide-5-mg-6-vial-research-kit/,7,OL-1SM 5 mg - 6 Vial Research Kit | Research Peptide | OligoPoly Laboratories
https://www.oligopolypeptides.com/products/tirzepatide-10-mg-6-vial-research-kit/,7,OL-2TZ 10 mg - 6 Vial Research Kit | Research Peptide | OligoPoly Laboratories
https://www.oligopolypeptides.com/follistatin-344-vs-igf-1-lr3-research-comparison/,8,Follistatin-344 vs IGF-1 LR3 Research Comparison | OligoPoly Laboratories
https://www.oligopolypeptides.com/half-life-pharmacokinetics-hub/,8,Peptide Half-Life & Pharmacokinetics Hub | PK Profiles | OligoPoly
https://www.oligopolypeptides.com/igf-1-lr3-vs-peg-mgf-research-comparison/,8,IGF-1 LR3 vs PEG-MGF Research Comparison | OligoPoly Laboratories
https://www.oligopolypeptides.com/product-category/extracellular-matrix-signaling/,8,Extracellular Matrix Signaling | OligoPoly Laboratories
https://www.oligopolypeptides.com/products/cagrilintide-5-mg-6-vial-research-kit/,8,OL-CAG 5 mg - 6 Vial Research Kit | Research Peptide | OligoPoly Laboratories
https://www.oligopolypeptides.com/products/ghk-cu-50-mg-6-vial-research-kit/,8,GHK-Cu 50 mg - 6 Vial Research Kit | Research Peptide | OligoPoly Laboratories
https://www.oligopolypeptides.com/products/telomere-biology-reference-collection/,8,Telomere Biology Reference Collection | OligoPoly Laboratories
https://www.oligopolypeptides.com/products/tissue-signaling-collection/,8,Tissue Signaling Collection | OligoPoly Laboratories
https://www.oligopolypeptides.com/what-is-retatrutide/,8,What Is Retatrutide? Research Guide | OligoPoly Laboratories
https://www.oligopolypeptides.com/aod-9604-vs-semaglutide-research-comparison/,9,AOD-9604 vs Semaglutide Research Comparison | OligoPoly Laboratories
https://www.oligopolypeptides.com/peptide-catalog/,9,Peptide Catalog | Research Peptides & Laboratory Compounds | OligoPoly Laboratories
https://www.oligopolypeptides.com/products/build-your-research-bundle-6-vials/,9,Build Your Research Bundle - 6 Vials | Research Peptide | OligoPoly Laboratories
https://www.oligopolypeptides.com/research-peptides-guide/,9,Research Peptides Guide | OligoPoly
https://www.oligopolypeptides.com/retatrutide-vs-tirzepatide-research/,9,Retatrutide vs Tirzepatide Research | OligoPoly
https://www.oligopolypeptides.com/cjc-1295-vs-ipamorelin/,10,CJC-1295 vs Ipamorelin | GHRH vs GHSR Research | OligoPoly Laboratories
https://www.oligopolypeptides.com/products/kpv-10-mg-ghk-cu-50-mg-research-blend/,11,KPV 10 mg + GHK-Cu 50 mg Research Blend | Research Peptide | OligoPoly Laboratories
https://www.oligopolypeptides.com/aod-9604-vs-cagrilintide-research-comparison/,12,AOD-9604 vs Cagrilintide Research Comparison | OligoPoly Laboratories
https://www.oligopolypeptides.com/aod-9604-vs-retatrutide-research-comparison/,12,AOD-9604 vs Retatrutide Research Comparison | OligoPoly Laboratories
https://www.oligopolypeptides.com/glp-1-research-peptides-guide/,12,GLP-1 Research Peptides Guide | OligoPoly Laboratories
https://www.oligopolypeptides.com/products/semax-10mg-research-peptide/,12,Semax 10mg Research Peptide for Lab Research | OligoPoly
https://www.oligopolypeptides.com/custom-research-blends/,13,Custom Research Blend Program | Multi-Compound Peptide Formulations | OligoPoly Laboratories
https://www.oligopolypeptides.com/product-category/endocrine-receptor-ligands/,13,Endocrine Receptor Ligands | OligoPoly Laboratories
https://www.oligopolypeptides.com/products/klow-blend-research-peptide/,13,KLOW Blend Research Peptide | OligoPoly Laboratories
https://www.oligopolypeptides.com/products/pt-141-10mg-research-peptide/,13,PT-141 10mg Research Peptide | OligoPoly Laboratories
https://www.oligopolypeptides.com/research-peptide-research-panels-guide/,13,Research Peptide Research Panels Guide | OligoPoly Laboratories
https://www.oligopolypeptides.com/products/dsip-5mg-research-peptide/,14,DSIP 5mg Research Peptide | OligoPoly Laboratories
https://www.oligopolypeptides.com/products/selank-5mg-research-peptide/,14,Selank 5mg Research Peptide for Lab Research | OligoPoly
https://www.oligopolypeptides.com/products/semaglutide-5mg-research-peptide/,14,OL-1SM 5 mg Research Material | Research Peptide | OligoPoly Laboratories
https://www.oligopolypeptides.com/products/tirzepatide-20-mg-research-peptide/,14,OL-2TZ 20 mg Research Material | Research Peptide | OligoPoly Laboratories
https://www.oligopolypeptides.com/products/bpc-157-5-mg/,15,BPC-157 5 mg Research Peptide | Research Peptide | OligoPoly Laboratories
https://www.oligopolypeptides.com/products/retatrutide-20mg-research-peptide/,15,OL-3RT 20 mg Research Material | Research Peptide | OligoPoly Laboratories
https://www.oligopolypeptides.com/products/retatrutide-5mg-research-peptide/,15,OL-3RT 5 mg Research Material | Research Peptide | OligoPoly Laboratories
https://www.oligopolypeptides.com/product-category/research-catalog/,16,Research Compounds | Research Peptides | OligoPoly Laboratories
https://www.oligopolypeptides.com/products/cjc-1295-no-dac-5-mg-research-peptide/,16,CJC-1295 No DAC 5 mg Research Peptide | Research Peptide | OligoPoly Laboratories
https://www.oligopolypeptides.com/coa-verification-guide-peptide-quality-documentation/,17,COA Verification Guide | Peptide Quality Documentation
https://www.oligopolypeptides.com/products/kpv-10mg-research-peptide/,17,KPV 10mg Research Peptide | OligoPoly Laboratories
https://www.oligopolypeptides.com/retatrutide-vs-semaglutide/,17,Retatrutide vs Semaglutide Research | OligoPoly
https://www.oligopolypeptides.com/semaglutide-cagrilintide-blend-research/,17,Semaglutide/Cagrilintide Research Blend: GLP-1 and Amylin Dual-Pathway Study | OligoPoly
https://www.oligopolypeptides.com/glp-1-receptor-mechanism/,18,GLP-1 Receptor Mechanism & Signaling | OligoPoly
https://www.oligopolypeptides.com/product-category/build-your-own-research-collection-eligible/,20,Build Your Own Research Collection Eligible | Research Peptides | OligoPoly Laboratories
https://www.oligopolypeptides.com/products/aod-9604-10mg-research-peptide/,20,AOD-9604 10mg Research Peptide | OligoPoly Laboratories
https://www.oligopolypeptides.com/products/nad-500mg-research-compound/,22,NAD+ 500mg Research Compound for Lab Research | OligoPoly
https://www.oligopolypeptides.com/triple-agonist-peptides/,22,Triple Agonist Peptide Research Guide | OligoPoly
https://www.oligopolypeptides.com/tirzepatide-vs-semaglutide-research/,24,Tirzepatide vs Semaglutide Research | OligoPoly
https://www.oligopolypeptides.com/products/mots-c-10mg-research-peptide/,25,MOTS-c 10mg Research Peptide for Lab Research | OligoPoly
https://www.oligopolypeptides.com/metabolic-peptide-comparison/,26,Metabolic Peptide Comparison Hub | OligoPoly
https://www.oligopolypeptides.com/products/tb-500-10mg-research-peptide/,26,TB-500 10mg Research Peptide for Lab Research | OligoPoly
https://www.oligopolypeptides.com/products/ghk-cu-50mg-research-peptide/,28,GHK-Cu 50mg Research Peptide for Lab Research | OligoPoly
https://www.oligopolypeptides.com/retatrutide-vs-tirzepatide/,31,Retatrutide vs Tirzepatide Comparison | OligoPoly
https://www.oligopolypeptides.com/single-vs-dual-agonist-peptides/,32,Single vs Dual Agonist Peptides Research | OligoPoly
https://www.oligopolypeptides.com/products/bpc-157-10mg-research-peptide/,34,BPC-157 10mg Research Peptide for Lab Research | OligoPoly
https://www.oligopolypeptides.com/bpc-157-vs-tb-500-protocols/,40,BPC-157 vs TB-500 Research Comparison | OligoPoly
https://www.oligopolypeptides.com/products/retatrutide-10mg-research-peptide/,44,Retatrutide 10 mg Research Material | OligoPoly Laboratories
https://www.oligopolypeptides.com/,233,Research Peptides & Laboratory Products | OligoPoly
https://www.oligopolypeptides.com/about/,233,About OligoPoly Laboratories | Culture of Excellence
https://www.oligopolypeptides.com/batch-verification/,233,Batch Verification | Research Peptides & Laboratory Compounds | OligoPoly Laboratories
https://www.oligopolypeptides.com/build-your-research-bundle/,233,Build Your Research Bundle | Research Peptides & Laboratory Compounds | OligoPoly Laboratories
https://www.oligopolypeptides.com/compare/,233,Research Compound Comparison Center | OligoPoly Laboratories
https://www.oligopolypeptides.com/contact/,233,Get in Touch | OligoPoly Laboratories
https://www.oligopolypeptides.com/ecm-signaling-hub/,233,ECM Signaling Hub | OligoPoly Laboratories
https://www.oligopolypeptides.com/endocrine-receptor-hub/,233,Endocrine Receptor Hub | OligoPoly Laboratories
https://www.oligopolypeptides.com/faq/,233,"Research Peptide FAQ | COA, HPLC, Storage & Ordering | OligoPoly Laboratories"
https://www.oligopolypeptides.com/institutional-purchasing/,233,Institutional Purchasing | Research Peptides & Laboratory Compounds | OligoPoly Laboratories
https://www.oligopolypeptides.com/peptide-finder/,233,Peptide Finder | Research Use Product Discovery | OligoPoly Laboratories
https://www.oligopolypeptides.com/peptide-science/,233,Peptide Science Guide | OligoPoly
https://www.oligopolypeptides.com/peptide-storage-handling-guide/,233,Peptide Storage & Handling Guide | OligoPoly
https://www.oligopolypeptides.com/privacy-policy/,233,Privacy Policy | OligoPoly Laboratories
https://www.oligopolypeptides.com/product-category/cellular-energy-research/,233,Cellular Energy Research | Research Peptides | OligoPoly Laboratories
https://www.oligopolypeptides.com/product-category/cognitive-systems-research/,233,Cognitive Systems Research | Research Peptides | OligoPoly Laboratories
https://www.oligopolypeptides.com/product-category/metabolic-systems-research/,233,Metabolic Systems Research | Research Peptides | OligoPoly Laboratories
https://www.oligopolypeptides.com/product-category/regenerative-biology-research/,233,Regenerative Biology Research | Research Peptides | OligoPoly Laboratories
https://www.oligopolypeptides.com/product-category/single-compound-research-materials/,233,Single-Compound Research Materials | OligoPoly Laboratories
https://www.oligopolypeptides.com/product-discovery/,233,Product Discovery | Research Peptides & Laboratory Compounds | OligoPoly Laboratories
https://www.oligopolypeptides.com/quality-standards/,233,Quality & Documentation | OligoPoly Laboratories
https://www.oligopolypeptides.com/quality-testing-hub/,233,"Quality Testing Hub | HPLC, COA Verification & Peptide Purity | OligoPoly"
https://www.oligopolypeptides.com/receptor-pharmacology-hub/,233,"Receptor Pharmacology Hub | Peptide Binding, Selectivity & Mechanisms | OligoPoly"
https://www.oligopolypeptides.com/refund-policy/,233,Refund Policy | OligoPoly Laboratories
https://www.oligopolypeptides.com/research-blends/,233,"Research Peptide Blends | COA, HPLC & LC-MS Documentation"
https://www.oligopolypeptides.com/research-catalog/,233,Research Products Catalog | OligoPoly Laboratories
https://www.oligopolypeptides.com/research-collections/,233,Research Collections | Research Peptides & Laboratory Compounds | OligoPoly Laboratories
https://www.oligopolypeptides.com/research-library/,233,"Research Library | Peptide Science, COA Verification & Research Guides"
https://www.oligopolypeptides.com/research-peptides-with-coa/,233,Certificate of Analysis Library | Verify Research Peptide Batches | OligoPoly Laboratories
https://www.oligopolypeptides.com/research-use-only/,233,Research Use Only | OligoPoly Laboratories
https://www.oligopolypeptides.com/research/,233,Research Resources & Laboratory Catalog | OligoPoly Laboratories
https://www.oligopolypeptides.com/senescence-biology-hub/,233,Senescence Biology Hub | OligoPoly Laboratories
https://www.oligopolypeptides.com/shipping/,233,Shipping Policy | OligoPoly Laboratories
https://www.oligopolypeptides.com/terms-of-use/,233,Terms & Conditions | OligoPoly Laboratories
https://www.oligopolypeptides.com/verify/,233,Lot Verification | Research Peptides & Laboratory Compounds | OligoPoly Laboratories
